54444,Paramount Apricot Flavored Brandy,375
82636,Dekuyper Grape Pucker Schnapps,750
80458,Ryan's Cream Liqueur,1750
69636,Dr. Mcgillicuddy's Cherry Schnapps,750
65256,Jagermeister Liqueur,750
27454,Cinerator,750
84496,Paramount Strawberry Schnapps,750
84170,99 Bananas,750
37994,Smirnoff Vodka 80 Prf,375
89193,Jose Cuervo Especial Reposado Tequila,200
10548,Black Velvet Toasted Caramel,1750
87485,Don Julio Blanco Tequila,750
10791,Crown Royal Vanilla,750
45277,Paramount White Rum,1000
19880,Michter's US*1 Small Batch Bourbon Whiskey,750
13038,Canadian Reserve Whisky,1750
21597,Ten High,1000
43076,Admiral Nelson Coconut Rum,750
11788,Black Velvet,1750
41078,Jeremiah Weed Sweet Tea Vodka,1750
10807,Crown Royal Regal Apple,750
36903,Mccormick Vodka,200
43337,Captain Morgan Spiced Rum,1000
35918,Five O'clock Vodka,1750
11786,Black Velvet Traveler,750
73053,Rumchata,1000
35315,Barton Vodka Pet,750
19067,Jim Beam,1000
17956,Evan Williams Str Bourbon,750
84617,Phillips Root Beer Schnapps,1000
